no,subsidy,target,contents,from,contact 1,tell 1,contact 2,tell 2,details_name 1,details_link 1,details_name 2,details_link 2,sample_link ,type of business
1,【給付】子育て世代への臨時特別給付金,令和2年4月分（3月分を含む）の児童手当（特例給付を除く）を受給している方,対象児童1人につき1万円を給付,支給日は、6月10日（公務員を除く）<br>※公務員の方は、申請書をこども家庭課に提出された後、随時支給を行います。<br>公務員の方の申請書は、所属庁から配布されますので、詳しくは所属庁にお問い合わせください。,会津若松市こども家庭課<br>※土日祝を除く、午前8時30分から午後5時15分,0242-39-1243,,,(市HP)子育て世帯への臨時特別給付金について,https://www.city.aizuwakamatsu.fukushima.jp/docs/2020060100050/,内閣府ホームページ,https://www8.cao.go.jp/shoushi/shinseido/taiou_coronavirus.html,,
2,【給付】ひとり親世帯臨時特別給付金　★市独自,（1）令和2年6月分の児童扶養手当を受給している方<br>（2）公的年金などを受給していて、令和2年6月分の児童扶養手当の支給が全額停止されている方<br>（3）新型コロナウイルス感染症の影響を受けて家計が急変し、収入が児童扶養手当を受給できる水準になった方,【基本給付】…（1）、（2）、（3）方…1世帯5万円、第2子以降1人につき3万円加算し給付<br>【追加給付】…（1）、（2）の方のうち、令和2年2月以降、新型コロナウイルス感染症の影響を受けて収入が減少した方…1世帯8万円を給付,【基本給付】のうち（1）の方は7月10日に支給済です。<br>【基本給付】のうち（2）、（3）及び【追加給付】は申請書をこども家庭課に提出された後、所得要件等の審査後、該当となる方へ随時支給を行います。,会津若松市こども家庭課<br>※土日祝を除く、午前8時30分から午後5時15分,0242-39-1243,,,(市HP)ひとり親世帯臨時特別給付金,https://www.city.aizuwakamatsu.fukushima.jp/docs/2020120900019/,,,,
3,【給付】(新生児のための)子育て世帯臨時特例給付金　★市独自,令和2年4月28日から令和3年4月1日までに出生した児童,対象新生児ひとりにつき10万円（1回のみ）,所定の申請書に必要事項を記入して、こども家庭課まで提出してください。（郵送または持参）,会津若松市こども家庭課<br>※土日祝を除く、午前8時30分から午後5時15分,0242-39-1243,,,(市HP)(新生児のための)子育て世帯臨時特例給付金のご案内,https://www.city.aizuwakamatsu.fukushima.jp/docs/2020101200039/,,,,
4,【給付】住居確保給付金,離職等で住宅を失った・失う可能性がある個人や世帯,休業などにより収入が減少し離職等と同程度の状況にある方を対象に追加,4月20日より拡大,会津若松市生活サポート相談窓口<br>※土日祝を除く、午前8時30分から午後5時15分,0242-23-4800,,,(市HP)生活サポート相談窓口,https://www.city.aizuwakamatsu.fukushima.jp/docs/2007080301025/,,,,
5,【給付】生活支援臨時特別給付金　★市独自,新型コロナウイルス感染症の影響により減収し、生活に苦慮している世帯,休業等により減収し、世帯の収入や預貯金が基準額以下となった世帯を対象に、子育て世帯は8万円、それ以外の世帯は5万円を給付。,8月3日から3月19日,市総合コールセンター<br>※市総合コールセンターへのお電話は、20秒当たり10円の通話料がかかります。,0570-026263,,,(市HP)会津若松市生活支援臨時特別給付金のお知らせ,,https://www.city.aizuwakamatsu.fukushima.jp/docs/2020071100018/,,,
6,【給付】傷病手当金,国民健康保険の被保険者・後期高齢者医療の被保険者のうち被用者,新型コロナウイルスに感染した場合や感染が疑われ、就労できなかった期間のうち、就労を予定していた日に対し支給<br>※申請前に必ずご相談ください。,4月30日から申請受付,会津若松市国保年金課<br>※土日祝を除く、午前8時30分から午後5時15分,0242-39-1244,,,(市HP)国民健康保険被保険者の場合…国民健康保険被保険者に対する傷病手当金の支給について,https://www.city.aizuwakamatsu.fukushima.jp/docs/2020042700117/,(市HP)後期高齢者医療被保険者の場合…後期高齢者医療被保険者に対する傷病手当金の支給について,https://www.city.aizuwakamatsu.fukushima.jp/docs/2020043000032/,,
7,【貸付】緊急小口資金（特例）,休業で家計が維持できない個人や世帯,貸付上限10万円（特別な場合20万円）<br>措置期間1年以内、償還期間2年以内,3月25日から申請受付,会津若松市社会福祉協議会,0242-28-4030,,,(外部HP)社会福祉法人福島県社会福祉協議会ホームページ,http://www.fukushimakenshakyo.or.jp/1000.1201.htm,,,,
8,【貸付】総合援助資金（特例）,失業で家計が維持できない個人や世帯,貸付上限単身15万円、複数20万円<br>措置期間1年以内、償還期間10年以内,3月25日から申請受付,会津若松市社会福祉協議会,0242-28-4030,,,(外部HP)社会福祉法人福島県社会福祉協議会ホームページ,http://www.fukushimakenshakyo.or.jp/1000.1201.htm,,,,
9,【減免・猶予】介護保険料の減免・猶予,（１）新型コロナウイルス感染症により、世帯の主たる生計維持者が死亡又は重篤な傷病を負った第一号被保険者<br>（２）新型コロナウイルス感染症により、主たる生計維持者の事業収入等の減少が見込まれる第一号被保険者,介護保険料の全額又は一部を減免・猶予,7月1日から申請受付予定,会津若松市高齢福祉課<br>※土日祝を除く、午前8時30分から午後5時15分　,0242-39-1242,,,(市HP)新型コロナウイルス感染症の影響に伴う介護保険料の減免・徴収猶予について,https://www.city.aizuwakamatsu.fukushima.jp/docs/2020052500042/,,,,
10,【減免】国民健康保険税の減免,（１）新型コロナウイルス感染症により、世帯の主たる生計維持者が死亡又は重篤な傷病を負ったとき<br>（２）新型コロナウイルス感染症の影響により、世帯の主たる生計維持者の収入減少が見込まれる世帯,国民健康保険税の全額又は一部を減免,7月10日から申請受付予定,会津若松市国保年金課<br>※土日祝を除く、午前8時30分から午後5時15分,0242-39-1244,,,(市HP)新型コロナウイルス感染症の影響により収入が減少した世帯の国民健康保険税の減免について,https://www.city.aizuwakamatsu.fukushima.jp/docs/2020052000023/,,,,
11,【減免・猶予】後期高齢者医療保険料の減免・猶予,（１）新型コロナウイルス感染症により、世帯の主たる生計維持者が死亡又は重篤な傷病を負ったとき<br>（２）新型コロナウイルス感染症の影響により、世帯の主たる生計維持者の収入減少が見込まれる被保険者,後期高齢者医療保険料の全額又は一部を減免・猶予,5月28日から申請受付,会津若松市国保年金課<br>※土日祝を除く、午前8時30分から午後5時15分,0242-39-1244,,,(市HP)新型コロナウイルス感染症の流行に伴う後期高齢者医療保険料の減免について,https://www.city.aizuwakamatsu.fukushima.jp/docs/2020061000021/,,,,
12,【減免】水道基本料金の減免・家計改善支援　★市独自,以下のいずれかの貸付利用者または、受給対象者<br>（１）緊急小口資金（特例）<br>（２）総合支援資金（特例）<br>（３）児童扶養手当<br>（４）ひとり親家庭医療費<br>（５）住居確保給付金,対象者の居住する家庭の水道基本料金６か月分を減免,6月1日から申請受付,会津若松市上下水道料金センター,0242-22-6172,,,(市HP)水道基本料金の減免について,https://www.city.aizuwakamatsu.fukushima.jp/docs/2020052900026/,,,,
13,【猶予】水道料金等の支払い猶予　★市独自,新型コロナウイルス感染症の影響で支払いが困難,個人・法人を問わず水道料金の支払いを最長4か月猶予,4月6日から申請受付,会津若松市上下水道料金センター,0242-22-6172,,,(市HP)水道料金・下水道使用料等のお支払いを猶予,https://www.city.aizuwakamatsu.fukushima.jp/docs/2020033100018/,,,,
14,【猶予】市税の徴収猶予の特例制度,収入が前年同期比おおむね20％以上減少した方,申請により最長１年間の市税徴収の猶予,5月1日から申請受付,会津若松市納税課,0242-39-1226,国保年金課,0242-29-1248,(市HP)市税の徴収猶予の特例制度,https://www.city.aizuwakamatsu.fukushima.jp/docs/2020050800014/,(外部HP)eLTAXオンライン申請,https://www.eltax.lta.go.jp/news/01689,,
15,【給付】新型コロナウイルス感染症対応休業支援金・給付金,令和2年4月1日から12月31日までの間に事業主の指示を受けて休業（休業手当の支払なし）した中小企業の労働者,"【休業前の１日当たり平均賃金（11,000円が上限）×80％】×【（各月の日数（30日又は31日）－ 就労した又は労働者の事情で休んだ日数（休業実績）】",申請開始日は休業した期間の翌月初日です。例：10月の休業の場合は11月1日から申請可能。,厚生労働省新型コロナウイルス感染症対応休業支援金・給付金コールセンター,0120-221-276,,,(厚生労働省HP)新型コロナウイルス感染症対応休業支援金・給付金,https://www.mhlw.go.jp/stf/kyugyoshienkin.html,,,,
16,【給付】持続化給付金,※オンライン申請のみ<br>新型コロナウイルス感染症の影響で売り上げが半減した事業主,法人上限200万円、個人事業主上限100万円を給付<br>なお、5/21(木)から、オンライン申請に関するサポート会場(完全予約制)が開設されます。<br>①自動受付(24時間)　0120-835-130<br>※会津若松市内の会場コード「0702」と入力<br>②オペレーター対応0570-077-866<br>※平日・休日午前9時～午後6時<br>※予約用HP(外部サイト)https://www.jizokuka-kyufu.jp/support/,5月1日から申請受付,持続化給付金事業コールセンター<br>※午前8時30分から午後7時（5、6月は毎日対応。7～12月は土曜日を除く）,0120-115-570,,,(経済産業省)持続化給付金 ,https://www.meti.go.jp/covid-19/jizokuka-kyufukin.html,,,,
17,【給付】家賃支援給付金,地代または家賃を支払っている事業者で、新型コロナウイルス感染症の影響で、売り上げが半減した、または連続する3か月の売り上げが30％以上減少している事業者,支払っている賃料の6か月分（ただし、支払っている賃料により月額賃料の2/3などの規定あり） 上限額：法人600万円、個人事業主300万円,7月14日申請受付,家賃支援給付金コールセンター※毎日午前8時30分から午後7時まで,0120-653-930,,,(経済産業省)家賃支援給付金に関するお知らせ,https://www.meti.go.jp/covid-19/yachin-kyufu/index.html,,,,
18,【助成】雇用調整助成金,従業員に休業してもらう事業主,"助成率は企業規模・雇用状況で変動、休業等助成一人１日8,330円まで",4月1日から6月30日,ハローワーク会津若松,0242-26-3333,,,(厚生労働省HP)雇用調整助成金,https://www.mhlw.go.jp/stf/seisakunitsuite/bunya/koyou_roudou/koyou/kyufukin/pageL07.html,,,,
19,【助成】小学校休業等対応助成金（労働者雇用者向け）,子供がいる従業員,"小学校等休業で労働者が有給休暇の場合、8,330円を上限に賃相当額を助成",2月27日から6月30日※申請は9月30日から,学校休業等助成金・支援金・雇用調整助成金コールセンター<br>※平日・休日午前9時から午後9時まで,0120-60-3999,,,(厚生労働省HP)小学校休業等対応助成金,https://www.mhlw.go.jp/stf/seisakunitsuite/bunya/koyou_roudou/koyou/kyufukin/pageL07_00002.html,,,https://www.mhlw.go.jp/content/000636605.pdf,
20,【助成】小学校休業等対応支援金(フリーランス向け),子供がいるフリーランス,"小学校等休業で休業したフリーランスの場合、1日あたり4,100円（定額）を助成",2月27日から6月30日※申請は9月30日から,学校休業等助成金・支援金・雇用調整助成金コールセンター<br>※平日・休日午前9時から午後9時まで,0120-60-3999,,,(厚生労働省HP)小学校休業等対応助成金,https://www.mhlw.go.jp/stf/newpage_10231.html,,,https://www.mhlw.go.jp/content/11909000/000637032.pdf,
21,【猶予】市場使用料の支払い猶予　★市独自,市公設地方卸売市場内事業者（19事業者）,市場使用料の支払いを４か月間猶予,5月分から8月分まで,会津若松市農政課,0242-39-1253,,,(市HP)市場使用料の支払い猶予,https://www.city.aizuwakamatsu.fukushima.jp/docs/2008070800023/,,,,
22,【融資】新型コロナウィルス対策特別資金（実質無利子型）,資金繰りのために融資を受けたい事業主,資金繰りのために融資を受けたい事業主,5月1日から,福島商工労働部<br>※または、県内の金融機関へお問い合わせください。,024-521-7288,,,(県HP)新型コロナウィルス対策特別資金,https://www.pref.fukushima.lg.jp/sec/32011b/covid19-01.html,,,,
23,【融資】新型コロナウィルス対策特別資金信用保証料補助金（実質無利子型）信用保証料補助金　★市独自,新型コロナウイルス対策特別資金（実質無利子型）を利用された事業主のうち、信用保証料を支払った方,"支払った信用保証料の全額（1,000円未満の端数切捨て）を助成",5月22日から申請受付<br>※5月22日以前に同資金の融資を受けられた方も対象となる予定です。,会津若松市商工課,0242-39-1252,,,(市HP),https://www.city.aizuwakamatsu.fukushima.jp/docs/2020052100013/,,,,
24,【融資】新型コロナウィルス対策特別貸付（無利子・無担保融資）,資金繰りのために融資を受けたい事業主,"売上が前年同月比5%以上減少、融資限度額別枠6,000万円",3月13日から,日本政策金融公庫事業資金相談ダイヤル,0120-154-505,,,(外部HP)日本政策金融公庫,https://www.jfc.go.jp/n/finance/search/covid_19_m.html,,,,
25,【融資】マル経収支の金利引下げ,"資金繰りのために融資を受けたい事業主<br>※マル経融資の借入には、商工会議所等の推薦が必要
","売上が前年同月比5%以上の減少、融資限度額別枠1,000万円",3月13日から,日本政策金融公庫事業資金相談ダイヤル,0120-154-505,,,(外部HP)日本政策金融公庫,https://www.jfc.go.jp/n/finance/search/kaizen_m.html,(外部HP)会津若松商工会議所,http://www.aizu-cci.or.jp/support/other/sub2020-08/,,
26,【融資】会津若松市中小企業未来資金保証融資制度　★市独自,資金繰りのために融資を受けたい事業主,"売上減少要件なし、融資限度額2,000万円",4月1日から,会津若松市商工課,0242-39-1252,,,(市HP)市融資制度,https://www.city.aizuwakamatsu.fukushima.jp/docs/2007080801228/,,,,
